stock,url,docUrl
ACDC,https://www.thecse.com/en/listings/technology/extreme-vehicle-battery-technologies-corp,https://webfiles.thecse.com/20210805_ACDC_NR_-_Trilogy_Launch.pdf?QP.vtQyxdsUwKpH6QzUfm8N9yMgq_IPM
ACDC,https://www.thecse.com/en/listings/technology/extreme-vehicle-battery-technologies-corp,https://webfiles.thecse.com/20210804_ACDC_NR_-_Daymak_Amendment.pdf?4m8fPHimzmwybc6xUv0K3KXc8mGOx9Ly
ACDC,https://www.thecse.com/en/listings/technology/extreme-vehicle-battery-technologies-corp,https://webfiles.thecse.com/20210721_ACDC_NR_-_Automall.pdf?Tnswe4ZGrop8pY1LfLmCH5hLOld8zym3
ACDC,https://www.thecse.com/en/listings/technology/extreme-vehicle-battery-technologies-corp,https://webfiles.thecse.com/20210616_ACDC_NR_-_Blockchain_Update.pdf?0rl6QyUAtQ.ovKCZD16z1TvDuI4VZCwr
ACDC,https://www.thecse.com/en/listings/technology/extreme-vehicle-battery-technologies-corp,https://webfiles.thecse.com/20210809_ACDC_NR_-_Trilogy_Contest_-_final.pdf?qSQoZg5NAPcmbjgUojb4uZ9BmIoqAhA8
ACDC,https://www.thecse.com/en/listings/technology/extreme-vehicle-battery-technologies-corp,https://webfiles.thecse.com/20210609_ACDC_NR_-_Ethos.pdf?wl.ypUBzunP6cUZuDUXmKY8EjKotoIBJ
ACDC,https://www.thecse.com/en/listings/technology/extreme-vehicle-battery-technologies-corp,https://webfiles.thecse.com/20210602_ACDC_NR_-_Fairwater.pdf?PDazPGrQm6B_ow49a9RinvP587bQvPKm
ACDC,https://www.thecse.com/en/listings/technology/extreme-vehicle-battery-technologies-corp,https://webfiles.thecse.com/20210512_ACDC_NR_-_Blockchain_Final.pdf?yB6cLcBN8fsW95wNdks0.fnDXjLM_8vF
ACDC,https://www.thecse.com/en/listings/technology/extreme-vehicle-battery-technologies-corp,https://webfiles.thecse.com/20210610_ACDC_NR_-_Corp_Update_-_Final.pdf?xLMTrB2kWJXl48rWyGogEDWIApQ2n2dh
ACT,https://thecse.com/en/listings/cleantech/aduro-clean-technologies-inc,https://webfiles.thecse.com/ACT_Returns_to_Alpha_North_Capital_Event_Final.pdf?DOORVIQGpaK9etXKbrQlfzA.91vevyoP
ACT,https://thecse.com/en/listings/technology/aduro-clean-technologies-inc,https://webfiles.thecse.com/News_Release-_Aduro_Clean_Technologies_to_Present_at_Upcoming_Oil_Sands_Conference_and_Trade_Show.pdf?SPWoAv7zHBm8AiTA2kUiybRw4IVS_Wh5
ACT,https://thecse.com/en/listings/cleantech/aduro-clean-technologies-inc,https://webfiles.thecse.com/ACT_Corporate_Update_July_2023.pdf?aR1idoIci3HSnI5Aj22K.F77XTYlTe3f
ACT,https://thecse.com/en/listings/cleantech/aduro-clean-technologies-inc,https://webfiles.thecse.com/ACT_Announces_Participation_in_Key_Industry_Conferences_0.pdf?IbHs63LGvuWpqEqbgPD.YrLvJhXtP0gt
ACT,https://thecse.com/en/listings/technology/aduro-clean-technologies-inc,https://webfiles.thecse.com/ACT_Global_Energy_Show_FINAL.pdf?JAsa6WP5qzIFogD93KSEbfpHRAiROql5
ACT,https://thecse.com/en/listings/technology/aduro-clean-technologies-inc,https://webfiles.thecse.com/Aduro_Clean_Technologies_is_expanding_scope_of_pilot_plant_engineering_by_Exergy_Solutions_to_include_chemical_recycling_of_polyethylene.pdf?Dbw.gzEmz406KzvXTtLh0N1aS2cwigi6
ACT,https://thecse.com/en/listings/cleantech/aduro-clean-technologies-inc,https://webfiles.thecse.com/22_10_26_ACT_Awarded_1.15_Million_Grant_Final.pdf?NlQwEX0IAZa_TdOxvZA8ue_DdoleeUdc
ACT,https://thecse.com/en/listings/cleantech/aduro-clean-technologies-inc,https://webfiles.thecse.com/News_Release_2023-03-08_ACT_Announces_Private_Placement_via_LIFE_Offering.pdf?yK0p8Xatq750QE5El41MSsWRjq03f1Jd
ACT,https://thecse.com/en/listings/cleantech/aduro-clean-technologies-inc,https://webfiles.thecse.com/23_06_15_-_ACT_Enters_the_EU_Market_with_new_European_Subsidiary.pdf?TLPqGAxAt3p0PPh7XWJjanlbarXDP5rM
ACT,https://thecse.com/en/listings/cleantech/aduro-clean-technologies-inc,https://webfiles.thecse.com/22_04_28_ACT_Announces_Oversubscribed_Private_Placement_press_release_-_Final.pdf?3j4A89o2IJGsBWZT5awTOrc.JssTzwYn
ACT,https://thecse.com/en/listings/cleantech/aduro-clean-technologies-inc,https://webfiles.thecse.com/News_Release_2022-06-02_Aduro_to_Present_at_Industry_Conferences_Final.pdf?B2ZGB5v.pADGfFnpnCoILuNfWYdXMYuf
ACT,https://thecse.com/en/listings/technology/aduro-clean-technologies-inc,https://webfiles.thecse.com/ACT-_SSN_Virtual_Event_Final.docx?YcYs3CxdF2jpqqLUCSAX9aVNx5T_Envg
ACT,https://thecse.com/en/listings/cleantech/aduro-clean-technologies-inc,https://webfiles.thecse.com/ACT_Provides_Update_in_Joint_Research_Initiative_with_Western_University.pdf?wFCX0alqO2.tL3B5E80TVaYcI1mbYKXW
ACT,https://thecse.com/en/listings/cleantech/aduro-clean-technologies-inc,https://webfiles.thecse.com/ACT_Welcomes_Karen_Scholz_from_Brightlands.pdf?rqe6NktUPUzma30E4TRm9DPdbI40t9g0
ACT,https://thecse.com/en/listings/cleantech/aduro-clean-technologies-inc,https://webfiles.thecse.com/ACT_Engages_Investor_Cubed.pdf?EZ_Lo2qclWy397bErmcP1e_n7rEaK7BI
ACT,https://thecse.com/en/listings/technology/aduro-clean-technologies-inc,https://webfiles.thecse.com/21_07_19_-_ACT_OTC_QB_Final.pdf?ZnN0hhiaakDvk29zS0VbZMh_OqRI6BMi
ACT,https://thecse.com/en/listings/technology/aduro-clean-technologies-inc,https://webfiles.thecse.com/21_08_17_ADURO_IR_agreement_Digitonic_-_disseminated.pdf?g8kgZWNqq09qvUwkdajc.I8v51MShK.D
ACT,https://thecse.com/en/listings/cleantech/aduro-clean-technologies-inc,https://webfiles.thecse.com/News_Release_2022-05-18_Aduro_Corporate_Update_Final.pdf?jpIBbU4ehsdhWCWIA8.xs.yGjfXqyBHf
ACT,https://thecse.com/en/listings/cleantech/aduro-clean-technologies-inc,https://webfiles.thecse.com/News_Release_2022-06-20_Aduro_Announces_Stock_Option_Grants.pdf?J4GdcUp2Vs_nYqs5FoPKGn3XsODTVH4F
ACT,https://thecse.com/en/listings/technology/aduro-clean-technologies-inc,https://webfiles.thecse.com/ADURO_News_Release_announcing_private_placement_closing-_FOR_DISSEMINATION.pdf?EZcvtLt8B.d0OQV0n0Q_RnQ864XUHMiA
ACT,https://thecse.com/en/listings/technology/aduro-clean-technologies-inc,https://webfiles.thecse.com/ACT_NCM_appoint_May_24_vf.docx?jH682BE3y1LVvD.ekEo83KZg7LRye7AW
ACT,https://thecse.com/en/listings/cleantech/aduro-clean-technologies-inc,https://webfiles.thecse.com/Aduro_Starts_Commissioning_of_R2_Plastics_Reactor.pdf?8qmAjWt.VtYYa4sa8x4EDG9kPCzgaXyJ
ACT,https://thecse.com/en/listings/cleantech/aduro-clean-technologies-inc,https://webfiles.thecse.com/Aduro_Engages_Arrowhead.pdf?qZKiZBardrJq.v3ue9_bf2zOIXpE_V5I
ACT,https://thecse.com/en/listings/cleantech/aduro-clean-technologies-inc,https://webfiles.thecse.com/News_Release_2022-07-20_Aduro_Closes_Private_Placement_Final.pdf?QRmzNN793hpBdyC2mj70rirg38JFphMn
ACT,https://thecse.com/en/listings/cleantech/aduro-clean-technologies-inc,https://webfiles.thecse.com/Aduro_Anounces_Grant_of_Stock_Options_and_RSU.docx?SFYXzGPfcN7ukMXN.HpRH4_1cfJaBrbf
ACT,https://thecse.com/en/listings/cleantech/aduro-clean-technologies-inc,https://webfiles.thecse.com/ACT_Awards_Contract_to_Rally_Engineering_-_Final.pdf?knu8kAcPyOgweeN_IHGI9wCgKDVKonp8
ACT,https://thecse.com/en/listings/cleantech/aduro-clean-technologies-inc,https://webfiles.thecse.com/ACT_Announces_Participation_in_Key_Industry_Conferences.pdf?iAu_rwVOuctpCs4Sju9xqlToHOG4Kzla
ACT,https://thecse.com/en/listings/cleantech/aduro-clean-technologies-inc,https://webfiles.thecse.com/ACT_and_Prospera_Enter_in_LOI_for_Pilot_Plant_-_Final_SEDAR.pdf?JHvqnzYP2bKrLbCgUGIonxX3mf1prrvU
ACT,https://thecse.com/en/listings/cleantech/aduro-clean-technologies-inc,https://webfiles.thecse.com/ACT_To_Attend_Attar_Pradesh_Global_Investors_Summit_Final.pdf?S4eOhDMcz7p7BbpInNaXaII_ynXjBlh9
ACT,https://thecse.com/en/listings/cleantech/aduro-clean-technologies-inc,https://webfiles.thecse.com/NR_2022-05-09_Aduro_Joins_Canada_Plastics_Pact_Final.pdf?4QjLJfWugtG6dutg8NVRqaTP26sQmRkT
ACT,https://thecse.com/en/listings/cleantech/aduro-clean-technologies-inc,https://webfiles.thecse.com/ACT_Appoints_Mexico_Country_Manager.pdf?_MZR_X5cfrAilyZToyh7o3sQopMvGRsG
ACT,https://thecse.com/en/listings/cleantech/aduro-clean-technologies-inc,https://webfiles.thecse.com/Aduro_Selected_for_Shell_GameChanger_Program.pdf?K.FOE7jYg_odPL6H4sg09GR1SSw5cwAd
ACT,https://thecse.com/en/listings/cleantech/aduro-clean-technologies-inc,https://webfiles.thecse.com/Aduro_Presents_at_Scottsdale_Capital_Event.pdf?AXn7U_P.U856Kq6nBjdeuSfUIJDZv1gA
ACT,https://thecse.com/en/listings/cleantech/aduro-clean-technologies-inc,https://webfiles.thecse.com/ACT_Announces_Exercise_of_Warrants_and_Options_Final.docx?.15fR6kTLfoRhQS8F_4sThpMe1ONj.1D
ACT,https://thecse.com/en/listings/cleantech/aduro-clean-technologies-inc,https://webfiles.thecse.com/2022-03-17_News_Release_announcing_private_placement.pdf?hD5SwdC5_mY8bdcbitfOGnYkQzqtLF.X
ACT,https://thecse.com/en/listings/technology/aduro-clean-technologies-inc,https://webfiles.thecse.com/ACT-First_Milestone_Press_Release_-_Published.pdf?bMB3WgXD9OG_tUkaAa44l.fBxsg9PpYE
ACT,https://thecse.com/en/listings/cleantech/aduro-clean-technologies-inc,https://webfiles.thecse.com/Aduro_Announces_Closing_of_NonBrokered_Private_Placement.pdf?LnhMghK0TTgeup4y9RTfyG5tcIKmme_Z
ACT,https://thecse.com/en/listings/technology/aduro-clean-technologies-inc,https://webfiles.thecse.com/ACT_to_Attend_AlphaNorth_Capital_event_press_release.pdf?In1l4xi7uDWEzwbhXKSB9brnfE1SfC3x
ACT,https://thecse.com/en/listings/cleantech/aduro-clean-technologies-inc,https://webfiles.thecse.com/Aduro_Announces_Partnership_with_CHILL_-_Final.pdf?A.tM8dU0pP_Z4cmojYFIIoO5MC5izogg
ACT,https://thecse.com/en/listings/cleantech/aduro-clean-technologies-inc,https://webfiles.thecse.com/230808_ACT_and_PEI_Advance_Collaboration_on_Pilot_Plant_Project.pdf?I2kZjpePXIIGVzTKEUucGfqkLDcuJWuK
ACT,https://thecse.com/en/listings/cleantech/aduro-clean-technologies-inc,https://webfiles.thecse.com/Aduro_Joins_CIAC_Plastics_Division.pdf?kZcLJGuu5Gb1vmGFWwdM.vhJCo1R.kKy
ACT,https://thecse.com/en/listings/technology/aduro-clean-technologies-inc,https://webfiles.thecse.com/Aduro_Clean_Technologies_-_News_Release_announcing_Strategic_Financing_and_Option_Grant_-_FINAL_FOR_DISSEMINATION.docx?KSunjFJxYd.Mgj3t47mCEVZqqiqTiR0h
ACT,https://thecse.com/en/listings/cleantech/aduro-clean-technologies-inc,https://webfiles.thecse.com/2022-03-29_ACT_Enters_into_LOI_With_Switch_Energy.pdf?osKPbHsP_KOyU8ffAcTB3ZurY7t7su5F
ACT,https://thecse.com/en/listings/technology/aduro-clean-technologies-inc,https://webfiles.thecse.com/Aduro_Announces_DTC_Eligibility_-_News_release_.pdf?MuwH8i0nm32wIUTUakZvcIIlOshxHlKP
ACT,https://thecse.com/en/listings/technology/aduro-clean-technologies-inc,https://webfiles.thecse.com/Aduro_Annouces_Appointment_of_New_COO_-_News_Release_Final.pdf?dNYYyrDA_s4snUPMkeu9X2Fo_1f1074M
ACT,https://thecse.com/en/listings/cleantech/aduro-clean-technologies-inc,https://webfiles.thecse.com/22_04_12_ACT_Annouces_Closing_of_First_Tranche_of_the_Private_Placement_-_Final.pdf?WMI78Ivjwq1eQqifAOLExRbCwNxiDBYg
ACT,https://thecse.com/en/listings/cleantech/aduro-clean-technologies-inc,https://webfiles.thecse.com/2022-02-10_ACT_To_Present_at_Industry_Conferences.pdf?lVkrxFyWjBGKXHFMUWYoJbrcnzEiEyAP
ACT,https://thecse.com/en/listings/technology/aduro-clean-technologies-inc,https://webfiles.thecse.com/ACT-Brightlands_Press_Release_Final.pdf?66aD1_nbO72CXEe7OLyOdX_cdydGp.ic
ACT,https://thecse.com/en/listings/cleantech/aduro-clean-technologies-inc,https://webfiles.thecse.com/ACT-_GCFF_Virtual_Conference.pdf?vs_jmTA06.LzTV77NYI4JQAUQ3Zsvk1k
ACT,https://thecse.com/en/listings/technology/aduro-clean-technologies-inc,https://webfiles.thecse.com/ACT_Exergy_agreement_-_Disseminated_News_Release.pdf?aOEIllN00fCjocI3LSzII6U5zevVp2mA
ACT,https://thecse.com/en/listings/cleantech/aduro-clean-technologies-inc,https://webfiles.thecse.com/Aduro_Featured_in_Upcoming_Segment_of_Advancements_with_Ted_Danson.pdf?uNq6jmSKoXE9gFYQQ_ruqG9Sge8pDS01
ACT,https://thecse.com/en/listings/cleantech/aduro-clean-technologies-inc,https://webfiles.thecse.com/Aduro_Increases_Size_of_Private_Placement.pdf?mCTY.1zcXIQIq17HKjBYfA6yTKnRVhEY
ACT,https://thecse.com/en/listings/cleantech/aduro-clean-technologies-inc,https://webfiles.thecse.com/ACT_Provides_Update_on_Shell_GameChanger_Program_0.pdf?eX2lNNDFayasFCANesUfk2nEcYLytgri
ACT,https://thecse.com/en/listings/cleantech/aduro-clean-technologies-inc,https://webfiles.thecse.com/ACT_Announces_Readiness_of_Scaled-up_Continuous_Flow_Plastic_Reactor_Final.pdf?dbtoF6dzZAE7L3GffUcfmGNOLBqx0zK5
ACT,https://thecse.com/en/listings/technology/aduro-clean-technologies-inc,https://webfiles.thecse.com/Aduro_Clean_Technologies_to_Present_at_Upcoming_Bitumen_Industry_Summit_-_Oct_5_news_release.pdf?Ij_ATk4ZX6kXafohWDDdjrrqSP8ain5x
ACT,https://thecse.com/en/listings/cleantech/aduro-clean-technologies-inc,https://webfiles.thecse.com/ACT_To_Present_at_IRPC.pdf?gn1U29JzVvXbZ7iKrBoo0M6tXoql6Zdt
ACT,https://thecse.com/en/listings/cleantech/aduro-clean-technologies-inc,https://webfiles.thecse.com/ACT_Announces_Announces_Proceeds_from_Exercise_of_Warrants.pdf?pqzJMEu62bJDeLY8CibtxatoGkN2JJSo
ACT,https://thecse.com/en/listings/cleantech/aduro-clean-technologies-inc,https://webfiles.thecse.com/Aduro_Announces_Mechanical_Completion_of_R2_Plastic_Reactor.docx?4ttLf_DExn0HkxqLlsegfYCwufUDizU2
ACT,https://thecse.com/en/listings/technology/aduro-clean-technologies-inc,https://webfiles.thecse.com/ACT-Switch_Energy_Press_release_-_Final.pdf?1eo0oSwOCcB1J6zqgn6YHuJJy19gmUaE
ACT,https://thecse.com/en/listings/technology/aduro-clean-technologies-inc,https://webfiles.thecse.com/Aduro_News_Release_-_Webinar_September_13.pdf?zJ3YARLpp6P_qabZ5FqObb7qAxGOe_k8
ACT,https://thecse.com/en/listings/cleantech/aduro-clean-technologies-inc,https://webfiles.thecse.com/News_Release_2022-08-25_ACT_to_Exhibit_and_Present_at_Oil_Sands_Conference.pdf?.PRHH6pcsVJ0e_GOiqzQtKQYhBHaGwS5
ACT,https://thecse.com/en/listings/cleantech/aduro-clean-technologies-inc,https://webfiles.thecse.com/News_Release_2022-06-29_Aduro_Expands_and_Upgrades_Lab_Facilities_Final.pdf?83Yps9Qc5IAGy1vcBwmWA9n3bwOhlIBb
ACT,https://thecse.com/en/listings/technology/aduro-clean-technologies-inc,https://webfiles.thecse.com/nr_aduro_012022.pdf?NFG3dVM8Eb_PjPi6lmTt9Tjf9S76_dPx
ACT,https://thecse.com/en/listings/cleantech/aduro-clean-technologies-inc,https://webfiles.thecse.com/2022-05-03_Aduro_Annouces_Appointment_of_Mena_Beshay_as_Chief_Financial_Officer.pdf?aG_VhSBRIu9L4J7xfzqSHTuqIMb34VJl
ACT,https://thecse.com/en/listings/cleantech/aduro-clean-technologies-inc,https://webfiles.thecse.com/23_05_11_Aduro_Welcomes_New_Head_of_Brand_and_Marketing.pdf?gpQ5Io95huqO650M3_sF_imaVLfUmU3V
ACT,https://thecse.com/en/listings/cleantech/aduro-clean-technologies-inc,https://webfiles.thecse.com/News_Release_2022-07-19_ACT_to_Present_at_CPAC_Summer_Institute.pdf?QsMlvIKYo45fZlNR.Vz.xVm1GRm0SJFE
ACT,https://thecse.com/en/listings/cleantech/aduro-clean-technologies-inc,https://webfiles.thecse.com/ACT_Announces_HBU_Readiness_for_Customer_Trials_-_Final.pdf?dUVqWIQ2k2nI9W0CTjL75GrWkLOuKwI8
ACT,https://thecse.com/en/listings/technology/aduro-clean-technologies-inc,https://webfiles.thecse.com/ACT_MPC_Release_-_FInal.pdf?eLqfy8R_UQI7tNb7wkU2uyJ0hq6crj8O
ACT,https://thecse.com/en/listings/cleantech/aduro-clean-technologies-inc,https://webfiles.thecse.com/News_Release_2022-08-11_ACT_Joins_Canadian_Delegation_at_Green_Expo_in_Mexico_City_Final.pdf?2mgq36ePaB_jbJlaMggpx2WXyqCMHgjF
ACT,https://thecse.com/en/listings/technology/aduro-clean-technologies-inc,https://webfiles.thecse.com/Aduro_Clean_Technologies_Inc._Engages_Volt_Strategic_Partners_and_Venture_Liquidity_Providers_for_Capital_Market_Communications_and_Market-Making_Services.pdf?JMZ39hluPH5tJQdu5xyf9vGXOIGg1cg8
ACT,https://thecse.com/en/listings/technology/aduro-clean-technologies-inc,https://webfiles.thecse.com/21_07_28_-_ACT_-_Aduro_Clean_Technologies_Commences_Trading_on_the_Frankfurt_Stock_Exchange.pdf?zE53ZZnpSxwllxF0_PlMaccpIHejFe7V
ACT,https://thecse.com/en/listings/technology/aduro-clean-technologies-inc,https://webfiles.thecse.com/ACT_update_June_3_vf.docx?s2x_SDZyhHV7sEqXR6IVJA6UrmuMpNGj
ACT,https://thecse.com/en/listings/cleantech/aduro-clean-technologies-inc,https://webfiles.thecse.com/2022-02-24_ACT_Apooints_James_E._Scott_as_an_Independent_Director.pdf?YPsAlrEZza32QZg8oFS3BV0bonMBph20
ACT,https://thecse.com/en/listings/technology/aduro-clean-technologies-inc,https://webfiles.thecse.com/nr_aduro_112921.pdf?VAX54WitiYvdtHcaapkSKqRSOI_4lxMq
ACT,https://thecse.com/en/listings/cleantech/aduro-clean-technologies-inc,https://webfiles.thecse.com/ACT_Provides_Update_in_Joint_Research_Initiative_with_Western_University_0.pdf?lRUpxCfCvaM1XjvPOumSanvsdYfTfhkG
IDK,https://thecse.com/en/listings/diversified-industries/threed-capital-inc,https://webfiles.thecse.com/2023-03-31_PR_-_IDK_early_warning_on_BRCH_v2_0.pdf?Pnj1Yfn4x6u3EYQZQXBJdU5qcXvAJrq4
IDK,https://thecse.com/en/listings/diversified-industries/threed-capital-inc,https://webfiles.thecse.com/2021-12-21_PR_-_IDK_early_warning_on_ZEU.pdf?sLChnsQgskOZPCdRo6Uxy2lK6C8spnxY
IDK,https://www.thecse.com/en/listings/diversified-industries/threed-capital-inc,https://webfiles.thecse.com/2021-06-21_-_Press_Release_OTCQX_Upgrade.pdf?bK.rfg_DSl1FAhWkf9FBi3CpuM_gjh7E
IDK,https://thecse.com/en/listings/diversified-industries/threed-capital-inc,https://webfiles.thecse.com/2023-08-08_-_Press_Release_IDK_July_2023_NAV.pdf?cUcRFgEeEvhdA_DqPVJ9v9oMLr9qj1Bd
IDK,https://thecse.com/en/listings/diversified-industries/threed-capital-inc,https://webfiles.thecse.com/2021-10-01_-_Press_Release_IDK_PKK_Cubeler.pdf?hdeul7KY_Hp_uzC_5S36Y5kSSTQmsdPQ
IDK,https://thecse.com/en/listings/diversified-industries/threed-capital-inc,https://webfiles.thecse.com/2022-07-21_-_Press_Release_IDK_NCIB.pdf?n7mU17N71FKLFcZRk3QpKPSII4DR3oFW
IDK,https://thecse.com/en/listings/diversified-industries/threed-capital-inc,https://webfiles.thecse.com/2022-02-22_-_Press_Release_IDK_PNR_Private_Placement.pdf?AroRqp.qJFsOqtyyswq2KPiYIWNiHzdi
IDK,https://thecse.com/en/listings/diversified-industries/threed-capital-inc,https://webfiles.thecse.com/2022-02-08_-_Press_Release_IDK_Candyverse.pdf?zyXByLvatIxMZVW93XIPyQMoOiI0sXEg
IDK,https://thecse.com/en/listings/diversified-industries/threed-capital-inc,https://webfiles.thecse.com/2022-03-08_-_Press_Release_IDK_February_NAV.pdf?BEJq3o094k9Yfm_o24dNFujJCnhQ1K7G
IDK,https://thecse.com/en/listings/diversified-industries/threed-capital-inc,https://webfiles.thecse.com/2022-10-07_-_Press_Release_IDK_September_NAV.pdf?YgYM_vqm3ixLJik1wTozX7GRFHbHNlU9
IDK,https://thecse.com/en/listings/diversified-industries/threed-capital-inc,https://webfiles.thecse.com/Form_7_-_IDK_August_2021_Monthly_Progress_Report_2021.09.03.pdf?opT95O_kalxt2JSoruu_ppTmNPDitJIO
IDK,https://thecse.com/en/listings/diversified-industries/threed-capital-inc,https://webfiles.thecse.com/2022-12-07_-_Press_Release_IDK_November_NAV.pdf?deY8UBocQrK81b28c72qFeG1swkkZe9d
IDK,https://www.thecse.com/en/listings/diversified-industries/threed-capital-inc,https://webfiles.thecse.com/2021-07-22_-_Press_Release_Litigation_Update.pdf?r3R_F3cY4b8QkQtogqoRA_0qDdnwjHON
IDK,https://thecse.com/en/listings/diversified-industries/threed-capital-inc,https://webfiles.thecse.com/2021-10-25_-_Press_Release_IDK_Liquid_Marketplace.pdf?Aro96DX0UZW54qjvLyDIoDcVgZl2UsTz
IDK,https://thecse.com/en/listings/diversified-industries/threed-capital-inc,https://webfiles.thecse.com/2023-01-11_-_Press_Release_IDK_December_2022_NAV.pdf?Lt3SDG1VzmAp0GNq_PfxRSPXmREH4YSM
IDK,https://thecse.com/en/listings/diversified-industries/threed-capital-inc,https://webfiles.thecse.com/2022-04-04_PR_-_IDK_early_warning_on_AMPD.pdf?7ivRovfFtFWHextduCCoKc15u43xXjlG
IDK,https://thecse.com/en/listings/diversified-industries/threed-capital-inc,https://webfiles.thecse.com/2023-09-07_-_Press_Release_IDK_August_2023_NAV.pdf?xjSI9I3A10WTtcZCP8_JzrFykAoHlASB
IDK,https://thecse.com/en/listings/diversified-industries/threed-capital-inc,https://webfiles.thecse.com/2022-01-14_-_Press_Release_IDK_December_NAV.pdf?5k75pWyRbahV_5DtdUnfKQS5m69rwXOB
IDK,https://thecse.com/en/listings/diversified-industries/threed-capital-inc,https://webfiles.thecse.com/2022-02-22_-_Press_Release_IDK_PNR.pdf?lxMnZAQm5d_bT.6Zl5bvJsN3jgLnCEEf
IDK,https://thecse.com/en/listings/diversified-industries/threed-capital-inc,https://webfiles.thecse.com/2022-01-14_PR_-_IDK_early_warning_on_AMPD.pdf?QgavNmNjz3rbSbjZM8Qgwkk55c.a344e
IDK,https://thecse.com/en/listings/diversified-industries/threed-capital-inc,https://webfiles.thecse.com/Press_Release_ThreeD_NCIB_2023_4860-3645-5034_v.1.pdf?zCla5Ln9c8eHOv4F_oVwmczy17gaBSiD
IDK,https://thecse.com/en/listings/diversified-industries/threed-capital-inc,https://webfiles.thecse.com/2022-08-09_-_Press_Release_IDK_July_NAV.pdf?w2BQvSJBPLFw_pOepiaW8FHsBqdQMHTr
IDK,https://thecse.com/en/listings/diversified-industries/threed-capital-inc,https://webfiles.thecse.com/2022-09-07_-_Press_Release_IDK_August_NAV.pdf?iH1CiB4rtBpQvR.IcT85ca_HgDpgnfQo
IDK,https://thecse.com/en/listings/diversified-industries/threed-capital-inc,https://webfiles.thecse.com/2021-11-05_-_Press_Release_Corporate_Disclosure_Policy.pdf?HmBxa0yr1sx_UBx9Ac9B5MrC6NlcOLA.
IDK,https://thecse.com/en/listings/diversified-industries/threed-capital-inc,https://webfiles.thecse.com/2023-06-12_-_Press_Release_IDK_May_2023_NAV.pdf?lccRsCvwhJCt75lWfenVfy7OT36Y4A0V
IDK,https://thecse.com/en/listings/diversified-industries/threed-capital-inc,https://webfiles.thecse.com/2021-08-26_-_Press_Release_IDK_PNR.pdf?nSEOwvbYC7vp4Ux_cmsTB2nYACHlNhTU
IDK,https://thecse.com/en/listings/diversified-industries/threed-capital-inc,https://webfiles.thecse.com/2023-05-08_-_Press_Release_IDK_April_2023_NAV.pdf?exMl9LHlKXo4.ZGgmZP4_FWNre3h8rYA
IDK,https://thecse.com/en/listings/diversified-industries/threed-capital-inc,https://webfiles.thecse.com/2022-11-28_-_Press_Release_IDK_Q123results.pdf?rV_hJ0d4aF0ddy.zDIfb8NtxS111RAe2
IDK,https://thecse.com/en/listings/diversified-industries/threed-capital-inc,https://webfiles.thecse.com/2023-07-11_-_Press_Release_IDK_June_2023_NAV.pdf?e75Tx3zVloimBRcehZZMuhsdcYEKfaXV
IDK,https://thecse.com/en/listings/diversified-industries/threed-capital-inc,https://webfiles.thecse.com/2022-04-11_-_Press_Release_IDK_March_NAV_0.pdf?cXGpOxWuYONa6N6TupFLfmg5eX9Z_fs8
IDK,https://thecse.com/en/listings/diversified-industries/threed-capital-inc,https://webfiles.thecse.com/2022-02-28_PR_-_IDK_early_warning_on_BTC.pdf?80lpFqelg_joQjm_B_wv.mhXaSVMSb7b
IDK,https://thecse.com/en/listings/diversified-industries/threed-capital-inc,https://webfiles.thecse.com/2021-11-09_-_Press_Release_IDK_October_NAV.pdf?6qSYQZNoXIC8rgkf1jIwhdLyQiKzNec1
IDK,https://thecse.com/en/listings/diversified-industries/threed-capital-inc,https://webfiles.thecse.com/2022-02-16_PR_-_IDK_early_warning_on_CRL.pdf?nkRZH8D_r6E35MDsmvGpJb.ZM5wbBey.
IDK,https://thecse.com/en/listings/diversified-industries/threed-capital-inc,https://webfiles.thecse.com/2023-03-08_-_Press_Release_IDK_February_2023_NAV.pdf?g6nv2KsIsXEAPKGJmAcQv3JEM6QVhsDL
IDK,https://thecse.com/en/listings/diversified-industries/threed-capital-inc,https://webfiles.thecse.com/2023-02-10_PR_-_IDK_early_warning_on_IAI.pdf?x54WIL8w3gfeTffq1YM4G3oU_5NOXWUo
IDK,https://thecse.com/en/listings/diversified-industries/threed-capital-inc,https://webfiles.thecse.com/2022-03-02_-_Press_Release_IDK_warrant_extension.pdf?iQiVFpNccRgbLd__WEVVosAqx9enxT0w
IDK,https://thecse.com/en/listings/diversified-industries/threed-capital-inc,https://webfiles.thecse.com/2022-06-06_-_Press_Release_IDK_May_NAV.pdf?VZVrH.QTpjjqU7AScSQuc1aJFnU92kVi
IDK,https://thecse.com/en/listings/diversified-industries/threed-capital-inc,https://webfiles.thecse.com/2023-04-06_-_Press_Release_IDK_March_2023_NAV.pdf?Ck6YJ3wYxm2PADIAHzxla2BbWMHsnf8a
IDK,https://thecse.com/en/listings/diversified-industries/threed-capital-inc,https://webfiles.thecse.com/2021-11-17_PR_-_IDK_early_warning_on_BTC.pdf?mPY7tgUGr_PDQwXfeep12zXYM5g7H3ym
IDK,https://thecse.com/en/listings/diversified-industries/threed-capital-inc,https://webfiles.thecse.com/2021-12-06_-_Press_Release_IDK_November_NAV.pdf?ciYlmvKruXdGR5D8Z_6PX45xL7htLN_2
IDK,https://thecse.com/en/listings/diversified-industries/threed-capital-inc,https://webfiles.thecse.com/2021-09-28_-_Press_Release_IDK_PNR.pdf?WvHHmduGES3DvWPAyh6Udo05cWUCKuQh
IDK,https://thecse.com/en/listings/diversified-industries/threed-capital-inc,https://webfiles.thecse.com/2022-07-14_-_Press_Release_IDK_June_NAV_v2.pdf?szqI4mIAX_cmnd29qoO2zMkn_pWhvypD
IDK,https://thecse.com/en/listings/diversified-industries/threed-capital-inc,https://webfiles.thecse.com/2021-10-14_-_Press_Release_IDK_September_NAV.pdf?_o83rWklXWy0YGX3CroBPV5WsVcTo79m
IDK,https://www.thecse.com/en/listings/diversified-industries/threed-capital-inc,https://webfiles.thecse.com/2021-06-11_-_Press_Release_IDK_May_NAV.pdf?k7e7YP0DJugpOB96f8JnH1XeAJN8tAq_
IDK,https://thecse.com/en/listings/diversified-industries/threed-capital-inc,https://webfiles.thecse.com/2022-12-09_-_Press_Release_IDK_Adamas_One.pdf?QztjPVdSxUYOZdLU..Zxq118woKLXNtK
IDK,https://thecse.com/en/listings/diversified-industries/threed-capital-inc,https://webfiles.thecse.com/2022-05-10_-_Press_Release_IDK_April_NAV.pdf?nInd0cdPX6Llv3brQOdrcYUIP0qt3lif
IDK,https://www.thecse.com/en/listings/diversified-industries/threed-capital-inc,https://webfiles.thecse.com/2021-08-12_-_Press_Release_Florton_Artias_FINAL.pdf?FWsMs9sfG12W0ceMnCH5ov2Mext8mQKn
IDK,https://thecse.com/en/listings/diversified-industries/threed-capital-inc,https://webfiles.thecse.com/2022-02-10_-_Press_Release_IDK_Q22results.pdf?WWw02ij1wGzc8uOkaEqePMdd.09Det5.
IDK,https://thecse.com/en/listings/diversified-industries/threed-capital-inc,https://webfiles.thecse.com/2021-09-01_PR_-_IDK_early_warning_on_AMPD.pdf?Z0sepDYkasaTtMdMy0Z_8Or87JgBlGn4
IDK,https://thecse.com/en/listings/diversified-industries/threed-capital-inc,https://webfiles.thecse.com/2023-02-07_-_Press_Release_IDK_January_2023_NAV.pdf?2uARDiwd7C3EhqyhIcPxPq6yA6gEVKQ1
IDK,https://www.thecse.com/en/listings/diversified-industries/threed-capital-inc,https://webfiles.thecse.com/2021-07-16_-_Press_Release_IDK_Defi_Yield_Technologies.pdf?hyNUHfsO4tRQirTEjGvyM_Kxlwa0yEJb
IDK,https://thecse.com/en/listings/diversified-industries/threed-capital-inc,https://webfiles.thecse.com/2022-02-14_-_Press_Release_IDK_PNR_0.pdf?g5PmfD_UVQ1Ckfpus1sQTyOQ5MpDWwYI
IDK,https://thecse.com/en/listings/diversified-industries/threed-capital-inc,https://webfiles.thecse.com/2022-11-07_-_Press_Release_IDK_October_NAV.pdf?XOYQluxHvRmyuampAr1kS4QkfR_y1_zu
IDK,https://thecse.com/en/listings/diversified-industries/threed-capital-inc,https://webfiles.thecse.com/2022-12-15_PR_-_IDK_early_warning_on_IAI.pdf?S48WcMzfUeQ_aZzlTo_ywr2fWeGdIwFA
IDK,https://www.thecse.com/en/listings/diversified-industries/threed-capital-inc,https://webfiles.thecse.com/2021-07-23_PR_-_IDK_early_warning_on_BTC.pdf?jWKVBcntvmx51rJO.UeK29JT2B9OZzwh
IDK,https://thecse.com/en/listings/diversified-industries/threed-capital-inc,https://webfiles.thecse.com/2022-06-15_PR_-_IDK_early_warning_on_NIRV.pdf?LHsYtpDRPzjXiN2ZgxjRP30sk2yvtsU4
IDK,https://www.thecse.com/en/listings/diversified-industries/threed-capital-inc,https://webfiles.thecse.com/2021-07-15_-_Press_Release_IDK_NCIB.pdf?K.cx_RXSfedOwDwulmkM1FnUxF0F3Jyw
IDK,https://thecse.com/en/listings/diversified-industries/threed-capital-inc,https://webfiles.thecse.com/2022-01-11_PR_-_IDK_early_warning_on_BTC.pdf?nmC8YJlWwxh5X7cNKYo..JTVIh6seagc
IDK,https://thecse.com/en/listings/diversified-industries/threed-capital-inc,https://webfiles.thecse.com/2022-02-10_-_Press_Release_IDK_January_NAV.pdf?3GkILV01d6sAO8sOtik5lMa.6628qqwn
IDK,https://thecse.com/en/listings/diversified-industries/threed-capital-inc,https://webfiles.thecse.com/2021-11-25_-_Press_Release_IDK_Q122results.pdf?IBng9ACPMFa7.fUo9AiL_459GQgck5tx
IDK,https://www.thecse.com/en/listings/diversified-industries/threed-capital-inc,https://webfiles.thecse.com/2021-07-13_-_Press_Release_IDK_June_NAV.pdf?Vsk3pWFuqepXNpdbM2aeY62th6..X24M
IDK,https://thecse.com/en/listings/diversified-industries/threed-capital-inc,https://webfiles.thecse.com/2022-05-26_-_Press_Release_IDK_Q3_results.pdf?39PiaeUoUCa1qI1zzNpBBS3KE1vKFDkI
IDK,https://thecse.com/en/listings/diversified-industries/threed-capital-inc,https://webfiles.thecse.com/2022-02-10_-_Press_Release_IDK_PNR.pdf?kCb75LTjFo5PfQcFGLRynBsEx3.tSnQx
IDK,https://thecse.com/en/listings/diversified-industries/threed-capital-inc,https://webfiles.thecse.com/2023-02-27_-_Press_Release_IDK_Q2_2023_results.pdf?njofETroU50j6qnEi0L0dLDubUi1bw5y
IDK,https://thecse.com/en/listings/diversified-industries/threed-capital-inc,https://webfiles.thecse.com/2022-08-04_-_Press_Release_IDK_PNRL.pdf?I..X5HcPHqFdAmpVZHvEpRh_brHmWUn4
IDK,https://thecse.com/en/listings/diversified-industries/threed-capital-inc,https://webfiles.thecse.com/2023-02-10_-_Press_Release_IDK_Infinitii_AI.pdf?eBODKiir7o6AkRIUmMeckuXbq_VeYfJg
IDK,https://www.thecse.com/en/listings/diversified-industries/threed-capital-inc,https://webfiles.thecse.com/2021-08-09_-_Press_Release_IDK_July_NAV.pdf?FKqAdU4ta_5DwpLLBFCQJX_Vp.Xuy27.
IDK,https://thecse.com/en/listings/diversified-industries/threed-capital-inc,https://webfiles.thecse.com/2023-05-26_-_Press_Release_IDK_Q3_2023_results_-_Copy.pdf?cjNxpGW.ZTE_FS9wqfVxaQpZZCeI_cv0
IDK,https://thecse.com/en/listings/diversified-industries/threed-capital-inc,https://webfiles.thecse.com/2021-09-08_-_Press_Release_IDK_August_NAV.pdf?8ywwCM0.UB5s6Ep_i0G7yyHBM9wEeSC7
IDK,https://thecse.com/en/listings/diversified-industries/threed-capital-inc,https://webfiles.thecse.com/2022-11-09_PR_-_IDK_early_warning_on_IAI.pdf?69Inc98wJ6bHV6rJ6_UdzYbNRR0lpX_5
IDK,https://thecse.com/en/listings/diversified-industries/threed-capital-inc,https://webfiles.thecse.com/2021-08-24_-_Press_Release_IDK_XREX.pdf?WXLzXadACzaUYDuEAG12V3PZpWvJ6_kG
IDK,https://thecse.com/en/listings/diversified-industries/threed-capital-inc,https://webfiles.thecse.com/2021-11-04_-_Press_Release_Defi_Yield_Dispersion_Holdings.pdf?xblA3uEgIUaYmRsdv5I.fVbOrSO0pg.v
PKK,https://thecse.com/en/listings/technology/tenet-fintech-group-inc,https://webfiles.thecse.com/171800.pdf?HZDQqG316A7qL59_EK5v8nmcgiofFGHM
PKK,https://thecse.com/en/listings/technology/tenet-fintech-group-inc,https://webfiles.thecse.com/164342.pdf?lj599Fdg4pjwSEh1sNnUeDemUwLwujv2
PKK,https://thecse.com/en/listings/technology/tenet-fintech-group-inc,https://webfiles.thecse.com/142178.pdf?3rfl.jllpHxt_diTxRc2FqdepZNkBcCC
PKK,https://thecse.com/en/listings/technology/tenet-fintech-group-inc,https://webfiles.thecse.com/138679.pdf?uEUPt3n3bD7ETapIfd3ByQmZBlqB20hM
PKK,https://thecse.com/en/listings/technology/tenet-fintech-group-inc,https://webfiles.thecse.com/172282.pdf?J8bgZswYYEXsXHXftL8wgCaflw7ZdWZp
PKK,https://thecse.com/en/listings/technology/tenet-fintech-group-inc,https://webfiles.thecse.com/153165.pdf?VNSoLhl.QcgkNPmfwA9VfD1O3E_0AC9B
PKK,https://thecse.com/en/listings/technology/tenet-fintech-group-inc,https://webfiles.thecse.com/147193.pdf?Ta96Q5EnY7T0Eu_zaPHU1gmoXI4qSKzR
PKK,https://thecse.com/en/listings/technology/peak-fintech-group-inc,https://webfiles.thecse.com/Peak_Business_Hub_Client_Expands_Exclusive_Distribution_Rights_to_Red_Bull_Energy_Drinks.pdf?FfWIY6aavXt4Sgfp2RWM.r3VvXDE85h4
PKK,https://thecse.com/en/listings/technology/peak-fintech-group-inc,https://webfiles.thecse.com/Peak_Fintech_Provides_Update_on_Status_of_Effectiveness_of_its_Form_40-F.pdf?g5OR8STMYrV9KajN.Igmt_K5LO9uxMCP
PKK,https://thecse.com/en/listings/technology/tenet-fintech-group-inc,https://webfiles.thecse.com/180025.pdf?A2ATIRBYWEEgkqcKDpHjXpRNOCNUE6AR
PKK,https://thecse.com/en/listings/technology/peak-fintech-group-inc,https://webfiles.thecse.com/Peak_Fintech_Receives_Approval_for_Common_Shares_to_Begin_Trading_on_NASDAQ.pdf?4tHQ6eohOTXbCTc6JXscK1eaRYuv8b8j
PKK,https://thecse.com/en/listings/technology/tenet-fintech-group-inc,https://webfiles.thecse.com/161151.pdf?yH4mQb9Lfyyo205Pjf.SnRcbfOcXZdXa
PKK,https://thecse.com/en/listings/technology/tenet-fintech-group-inc,https://webfiles.thecse.com/142179.pdf?xFFKxpOCBew7sJN_Xetbfw4slqJ9oRpR
PKK,https://thecse.com/en/listings/technology/peak-fintech-group-inc,https://webfiles.thecse.com/101121.pdf?PvK0hIpgwi.KpJcREzmUkJ.dlfu820OO
PKK,https://thecse.com/en/listings/technology/peak-fintech-group-inc,https://webfiles.thecse.com/101262.pdf?BXRHQiw_nTiifjeOaaYm6L9JdYchmDEW
PKK,https://www.thecse.com/en/listings/technology/peak-fintech-group-inc,https://webfiles.thecse.com/Peak_Fintech_Announces_Consolidation_of_Its_Common_Shares.pdf?PcHnVfUhsEplMJtC_qRm_D.v.X8_Qf.A
PKK,https://thecse.com/en/listings/technology/tenet-fintech-group-inc,https://webfiles.thecse.com/180188.pdf?knfOcFJzbhT5DGORv10JrF.HFtR4NQtU
PKK,https://thecse.com/en/listings/technology/peak-fintech-group-inc,https://webfiles.thecse.com/Peak_Fintech_Signs_Exclusive_Partnership_Agreement_with_Pre-owned_Vehicle_Trading_Platform_YouCKU.pdf?QLg_RhMoSlRcVnzACKCJ4zwB2dnV26Ns
PKK,https://thecse.com/en/listings/technology/peak-fintech-group-inc,https://webfiles.thecse.com/101263.pdf?d89QX8R3GhPBF2ixHchQduhM3cjDaCIp
PKK,https://thecse.com/en/listings/technology/tenet-fintech-group-inc,https://webfiles.thecse.com/161152.pdf?a1lLBH0bu6.1AZQZY9EoIVk7NKizLnyo
PKK,https://www.thecse.com/en/listings/technology/peak-fintech-group-inc,https://webfiles.thecse.com/Peak_Fintech_Acquires_Minority_Stake_in_China_UnionPay_Subsidiary.pdf?74OEkWVfa4eNXmWYdEVU2eIhdPdjfcdc
PKK,https://thecse.com/en/listings/technology/peak-fintech-group-inc,https://webfiles.thecse.com/100997.pdf?8jHV0VjWJXSrX4gNe.saO_XoQj6FcTPN
PKK,https://thecse.com/en/listings/technology/peak-fintech-group-inc,https://webfiles.thecse.com/Peak_Fintech_Completes_Acquisition_of_Analytics_and_AI_Company_Cubeler_Inc.pdf?TGA6qFvRqH23jy_mNxY04_SJD_usga0d
PKK,https://thecse.com/en/listings/technology/tenet-fintech-group-inc,https://webfiles.thecse.com/146171.pdf?eZsBxTRwp3wO7YcrzE.o4Mf2sajtMp66
PKK,https://thecse.com/en/listings/technology/peak-fintech-group-inc,https://webfiles.thecse.com/Peak_Fintech_Responds_to_Short_Seller_Report.pdf?8Ms.UJs7mUiCBS4jtVcVbTj0u3lolzoD
PKK,https://thecse.com/en/listings/technology/peak-fintech-group-inc,https://webfiles.thecse.com/100540.pdf?4xOXUbGu1LD_kD3ZdudC8TtaARScSivi
PKK,https://thecse.com/en/listings/technology/tenet-fintech-group-inc,https://webfiles.thecse.com/137622.pdf?foRjwUWVmW9X.Gm.p29yYZOFJSnQqDGN
PKK,https://thecse.com/en/listings/technology/peak-fintech-group-inc,https://webfiles.thecse.com/Peak_Fintech_Acquires_Heartbeat_Insurance_Platform_and_Brings_Analytics_and_AI_Expertise_to_Insurance_Industry.pdf?gpqNHjx3hYFqd2je1_mhon3.88LA5LIt
PKK,https://thecse.com/en/listings/technology/tenet-fintech-group-inc,https://webfiles.thecse.com/146172.pdf?iud.CjNhUYgqDivFUj21qbuPflWXe294
PKK,https://thecse.com/en/listings/technology/peak-fintech-group-inc,https://webfiles.thecse.com/Peak_Fintech_Publishes_QA_to_Address_Specific_Allegations_in_Short_Seller_Report.pdf?TihAM8ITtQgUG8BsgPYzlQC99UvWIuh.
PKK,https://thecse.com/en/listings/technology/tenet-fintech-group-inc,https://webfiles.thecse.com/164341.pdf?m3XIHIfMxdUTYL4S2PdnCV2V9gZQ1p07
PKK,https://thecse.com/en/listings/technology/tenet-fintech-group-inc,https://webfiles.thecse.com/158207.pdf?7UPw6G8BJEqsZ.4rLRYO6q5YLyry6vYL
PKK,https://thecse.com/en/listings/technology/tenet-fintech-group-inc,https://webfiles.thecse.com/Press_Release_-_Closing_of_Second_Tranche_of_Private_Placement_-_June_22_2023_for_filing_1.pdf?Zgy4XFdGeron0Eb0qGdec8S8vsvKQKHY
PKK,https://thecse.com/en/listings/technology/tenet-fintech-group-inc,https://webfiles.thecse.com/166746.pdf?rB1hLOo.ub_u.y_H84KfMGyelIaYfE1b
PKK,https://thecse.com/en/listings/technology/peak-fintech-group-inc,https://webfiles.thecse.com/Peak_Fintechs_Heartbeat_Insurance_Brokerage_Platform_Processes_Over_150000_Policies_in_Less_Than_5_Months_as_Industry_Continues_Digital_Push.pdf?yJQj6fRPYEu2f6PRtlELe95B53NMbtc8
PKK,https://www.thecse.com/en/listings/technology/peak-fintech-group-inc,https://webfiles.thecse.com/Peak_Fintech_Begins_Acquisition_Process_of_Banking_AI_Software_Provider_Zhongke_with_Transfer_of_IP.pdf?AkCKdxPg3pH5FGnPlg3e8risyK.d_NNd
PKK,https://www.thecse.com/en/listings/technology/peak-fintech-group-inc,https://webfiles.thecse.com/Peak_Completes_Integration_to_China_UnionPay_Network_and_Processes_First_Fund_Transfer_and_Payment_Settlement_Transactions.pdf?pwhsM..Y.Y84qQlQoiU_GDamwC.D9G3j
PKK,https://thecse.com/en/listings/technology/peak-fintech-group-inc,https://webfiles.thecse.com/101122.pdf?MsQiyGfLmdEsTWmIIaPPLftaxQgwP791
PKK,https://thecse.com/en/listings/technology/tenet-fintech-group-inc,https://webfiles.thecse.com/178926.pdf?a1hnYFYLAdsAn2Ka3VTreDaqZ1QffEaJ
PKK,https://thecse.com/en/listings/technology/tenet-fintech-group-inc,https://webfiles.thecse.com/164710.pdf?0m6G8Q7etpqih0DEGn_DL873TdNBQq0P
PKK,https://www.thecse.com/en/listings/technology/peak-fintech-group-inc,https://webfiles.thecse.com/Peak_Fintech_Launches_New_Steel_Trading_Platform_as_Part_of_Business_Hub_Ecosystem.pdf?15efEdP35XUXU6Wrk_Qs2MtQ5RM0hISa
PKK,https://thecse.com/en/listings/technology/tenet-fintech-group-inc,https://webfiles.thecse.com/158655.pdf?DBvN8q_C7Vp77B4f4sOKydaOfuN7sQFq
PKK,https://thecse.com/en/listings/technology/tenet-fintech-group-inc,https://webfiles.thecse.com/175632.pdf?yILdz9imCo6lhS0FXMnf_xq3m.PWQ5oc
PKK,https://thecse.com/en/listings/technology/tenet-fintech-group-inc,https://webfiles.thecse.com/149459.pdf?W9QDh8pHrsf.o0RQZE3vc1tI99LyOrsU
PKK,https://thecse.com/en/listings/technology/peak-fintech-group-inc,https://webfiles.thecse.com/100539.pdf?dsPoNlTDrOhiuI6GwCriosrxXyNl2.zz
PKK,https://thecse.com/en/listings/technology/tenet-fintech-group-inc,https://webfiles.thecse.com/153164.pdf?4UJ7H5dgcwFZpNf2ZHwCqsWZHrGri_LE
PKK,https://thecse.com/en/listings/technology/tenet-fintech-group-inc,https://webfiles.thecse.com/171454.pdf?kMkFdFR3SdmcCHr9emFftOznGR5rouVc
PKK,https://www.thecse.com/en/listings/technology/peak-fintech-group-inc,https://webfiles.thecse.com/Peak_Fintech_Provides_Update_on_Recent_Warrant_Exercise_Activity.pdf?pY97WvclGW6bkoKr7e867Pb43dWjQR7l
PKK,https://thecse.com/en/listings/technology/tenet-fintech-group-inc,https://webfiles.thecse.com/164237.pdf?Wb95qykr2hLT2huE8_PrZZexR6xlVp6U
PKK,https://thecse.com/en/listings/technology/tenet-fintech-group-inc,https://webfiles.thecse.com/137623.pdf?2xGrvZ6eZy_bhMABV5RiNR658M.7wERj
PKK,https://thecse.com/en/listings/technology/tenet-fintech-group-inc,https://webfiles.thecse.com/134880.pdf?w7IpeRMzMJD3YZ91uV5MVUEFz2XOF4hp
PKK,https://thecse.com/en/listings/technology/tenet-fintech-group-inc,https://webfiles.thecse.com/139828.pdf?QsYiQaGkGwtXBWFqANib7S9veU7tPR6d
PKK,https://thecse.com/en/listings/technology/tenet-fintech-group-inc,https://webfiles.thecse.com/163495.pdf?vHg02nplJU_mDQrnKLxLpLaWGDWIX91G
PKK,https://thecse.com/en/listings/technology/peak-fintech-group-inc,https://webfiles.thecse.com/Peak_Fintech_Q2_Results_Show_First_Quarterly_Profit_on_Revenue_in_Excess_of_30M.pdf?MYe2i7YCVtcYr6Hbxw5t3WnpwTo80rA7
PKK,https://thecse.com/en/listings/technology/tenet-fintech-group-inc,https://webfiles.thecse.com/147194.pdf?Vq0r65I45_yU7aUl5LpDNTpMfF0jdmkH
PKK,https://thecse.com/en/listings/technology/tenet-fintech-group-inc,https://webfiles.thecse.com/138682.pdf?J0Y1bCUC8n0h0LJLkEd31632sCkoXSzs
PKK,https://thecse.com/en/listings/technology/peak-fintech-group-inc,https://webfiles.thecse.com/Peak_Fintech_Signs_Agreement_to_Acquire_Analytics_and_AI_Company_Cubeler_Inc._Paving_the_Way_for_Its_North_American_Expansion.pdf?dAXRO.zMKMUAoSKHTEmNVSm.LiR1C.LQ
PKK,https://www.thecse.com/en/listings/technology/peak-fintech-group-inc,https://webfiles.thecse.com/Peak_Publishes_Results_for_This_Years_618_Shopping_Festival_in_China.pdf?LeRPuswRCaNNyl09MmCJcJRgd..MNIaQ
PKK,https://thecse.com/en/listings/technology/peak-fintech-group-inc,https://webfiles.thecse.com/Peak_Fintech_Business_Hub_Shows_Promising_Results_Following_Entry_into_Oil_and_Gas_Industry_in_Q3.pdf?GO0a9NQkYzWC.22vrCZsaIJW1Zog5j9g
PKK,https://thecse.com/en/listings/technology/tenet-fintech-group-inc,https://webfiles.thecse.com/164235.pdf?JdqU5C6W6CUALTkh2FFvekvZnUg6RSxm
PKK,https://www.thecse.com/en/listings/technology/peak-fintech-group-inc,https://webfiles.thecse.com/Peak_Fintech_Continues_Expansion_of_Business_Hub_with_Addition_of_Two_New_Banks_and_New_Office_in_Guangzhou.pdf?dcWC2NW_GzmSFbHOadxyHNESnqSpHkza
PKK,https://thecse.com/en/listings/technology/tenet-fintech-group-inc,https://webfiles.thecse.com/177705.pdf?wgetXcGnSFbuUOxpSAHh6JFR1PmJ7MmV
PKK,https://thecse.com/en/listings/technology/peak-fintech-group-inc,https://webfiles.thecse.com/100999.pdf?1Zw_2cleH0r15xMhr8m2jPK_199L.yOD
PKK,https://thecse.com/en/listings/technology/tenet-fintech-group-inc,https://webfiles.thecse.com/149460.pdf?TZteAK4wLUhspHOx0j_lCU5OJRjzpZ6k
PKK,https://thecse.com/en/listings/technology/tenet-fintech-group-inc,https://webfiles.thecse.com/158206.pdf?TnFjNNpD_C_651pq8e4jURkoZ1H5MMN.
PKK,https://thecse.com/en/listings/technology/tenet-fintech-group-inc,https://webfiles.thecse.com/139830.pdf?5tqio75KDT3Q89hVFNgnC5PHxjJe2o7P
PKK,https://thecse.com/en/listings/technology/tenet-fintech-group-inc,https://webfiles.thecse.com/164711.pdf?LkqUB0n1DkByMGXQB5FhpeoxgXxaEFqP
PKK,https://thecse.com/en/listings/technology/peak-fintech-group-inc,https://webfiles.thecse.com/Peak_Fintech_Withdraws_Form_40-F_While_it_Works_to_Comply_with_New_SEC_Disclosure_Guidance.pdf?9On.9KVidMxGY90gDsc9CTI2ivxLBGxd
PKK,https://thecse.com/en/listings/technology/tenet-fintech-group-inc,https://webfiles.thecse.com/163497.pdf?Hiv7Di0.9QlGVRsOkeemKNTPLti9XiUW
PKK,https://www.thecse.com/en/listings/technology/peak-fintech-group-inc,https://webfiles.thecse.com/Peak_Fintech_Business_Hub_Client_Earns_Exclusive_Distribution_Rights_to_Red_Bull_Energy_Drinks.pdf?PHATwAKrOK0kv4GFtpvFXNa4nTbbbw3R
PKK,https://thecse.com/en/listings/technology/peak-fintech-group-inc,https://webfiles.thecse.com/99868_0.pdf?lFv00.8sOJJHQbBt6qm3rqNU21i0eH6G
PKK,https://www.thecse.com/en/listings/technology/peak-fintech-group-inc,https://webfiles.thecse.com/Peak_Fintech_Releases_Revenue_and_Earnings_Guidance_Expects_104M_in_Revenue_and_5.6M_in_Earnings_for_2021.pdf?YLxDkFE027ciByDXZM5WIqnSCJBCQd.k
PKK,https://thecse.com/en/listings/technology/tenet-fintech-group-inc,https://webfiles.thecse.com/158653.pdf?HT4m8.7yRwCFwPtu0MRyNDdt3GJCvhEx
VPH,https://thecse.com/en/listings/life-sciences/valeo-pharma-inc,https://webfiles.thecse.com/Q1_2022_results_and_AlphaNorth_conference_advisories_03-16-2022_EV_FINAL.pdf?TicdDk9RdMWD3nPbA0t_HUgwS_G9funI
VPH,https://www.thecse.com/en/listings/life-sciences/valeo-pharma-inc,https://webfiles.thecse.com/Q2_2021_update_and_outlook_05-25-2021_EV_FINAL.pdf?2Rb_3twK20zDtnX9Lpl_E8GMyY0LNImM
VPH,https://thecse.com/en/listings/life-sciences/valeo-pharma-inc,https://webfiles.thecse.com/Closing_25M_Financing_12-09-2021_EV_FINAL.pdf?IkYsUHoE7PrRZu3kc.scJYs3SliN8N.y
VPH,https://thecse.com/en/listings/life-sciences/valeo-pharma-inc,https://webfiles.thecse.com/Redesca_public_reimbursement_coverage_status_update_07-12-2021_EV_FINAL.pdf?4PW53in3hhNetXhhGUzci7yLPK.8cb4V
VPH,https://www.thecse.com/en/listings/life-sciences/valeo-pharma-inc,https://webfiles.thecse.com/Corporate_structure_update_08-15-2021_EV_FINAL.pdf?FoTnv4nPl4f1TdT94oeXVKOvMPq8hZpf
VPH,https://www.thecse.com/en/listings/life-sciences/valeo-pharma-inc,https://webfiles.thecse.com/Valeo_Pharma_Inc._-_Press_Release_-_06-28-2021_EV_FINAL.pdf?d4JFmjLOm8xXfBkeXzLXT3Yj6uhvYrMQ
VPH,https://www.thecse.com/en/listings/life-sciences/valeo-pharma-inc,https://webfiles.thecse.com/Valeo_Q2_2021_results_06-29-2021_EV_FINAL_clean.pdf?NBWzbbeJ8vG2nMcDuv0lr92oaYSgpFFp
VPH,https://www.thecse.com/en/listings/life-sciences/valeo-pharma-inc,https://webfiles.thecse.com/Valeo_Pharma_Inc._-_Press_Release_-_June_2021_EV_FINAL.pdf?zhXxlH2vT.OLzn1vqo_Q26Nq3KryKLl1
VPH,https://thecse.com/en/listings/life-sciences/valeo-pharma-inc,https://webfiles.thecse.com/20_M_financing_11-23-2021_EV_FINAL_FINAL.pdf?wUmTahNCMOuEYCEWuqkakAW8OfTfXFkE
VPH,https://www.thecse.com/en/listings/life-sciences/valeo-pharma-inc,https://webfiles.thecse.com/Enerzair_Atectura_commercial_launch_06-21-2021_EV_FINAL.pdf?nLlOcDNobkoamBD.AflIFxtXfoedJwXs
VPH,https://www.thecse.com/en/listings/life-sciences/valeo-pharma-inc,https://webfiles.thecse.com/Enerzair_Atectura_reimbursement_status_update_05-31-2021_EV_FINAL_005.pdf?FC65MlpMAfHKTWtrn__EF3iHvIrtxLdB
VPH,https://thecse.com/en/listings/life-sciences/valeo-pharma-inc,https://webfiles.thecse.com/Redesca_BC_Enerzair_and_Atectura_Sask_and_PEI_reimbursement_03-21-2022_EV_FINAL.pdf?mxg__gQqqtvIgQqVha6evUiEKEbds8nM
VPH,https://thecse.com/en/listings/life-sciences/valeo-pharma-inc,https://webfiles.thecse.com/Enerzair_pCPA_LOI_10-04-2021_EV_FINAL.pdf?BN8.9pAW1obxh9zxtFeDBKg_pvbJLvQA
VPH,https://thecse.com/en/listings/life-sciences/valeo-pharma-inc,https://webfiles.thecse.com/Valeo_Q4_2021_results_02-28-2022_EV_FINAL.pdf?Y2iHsVDJY5_C0bnQ5oh1Cx14XpEuXopY
VPH,https://thecse.com/en/listings/life-sciences/valeo-pharma-inc,https://webfiles.thecse.com/Valeo_Q3_2021_results_09-22-2021_EV_FINAL.pdf?A6rqS5kedIbhgVL6Xdf.9BKbfA78eLBE
VPH,https://thecse.com/en/listings/life-sciences/valeo-pharma-inc,https://webfiles.thecse.com/Enerzair_Atectura_Quebec_and_Nova_Scotia_reimbursement_coverage_12-14-2021_EV_FINAL_003.pdf?KdM1T2IawbKBazdWFNk2mAkeeqCEAIx2
VPH,https://thecse.com/en/listings/life-sciences/valeo-pharma-inc,https://webfiles.thecse.com/GPO_contract_10-12-2021_EV_FINAL.pdf?6m.Te4FBRHTGo2EQSelji2PFFeyPm0wZ
VPH,https://thecse.com/en/listings/life-sciences/valeo-pharma-inc,https://webfiles.thecse.com/Q3_2021_results_media_advisory_09-13-2021_EV_FINAL.pdf?rw9fPAx.d9iYr7U13XXapnSO4PW2ear4
VPH,https://thecse.com/en/listings/life-sciences/valeo-pharma-inc,https://webfiles.thecse.com/Upsize_Press_Release_11-24-2021_ENG_FINAL.pdf?btS3xN7DBwRx6CvTsK8JgTz1JNMmE9fT
VPH,https://thecse.com/en/listings/life-sciences/valeo-pharma-inc,https://webfiles.thecse.com/Q4_2021_results_media_advisory_02-15-2022_EV_FINAL_.pdf?Jonda1fJONo7gJY42e4lqB08cB8G5S6H
VPH,https://thecse.com/en/listings/life-sciences/valeo-pharma-inc,https://webfiles.thecse.com/TSX_Uplisting_03-25-2022_EV_FINAL.pdf?nMjC646TMSnsBEuuma5XyD7mPRat0haZ
VPH,https://thecse.com/en/listings/life-sciences/valeo-pharma-inc,https://webfiles.thecse.com/Enerzair_Atectura_Alberta_reimbursement_coverage_11-02-2021_EV_FINAL.pdf?Ted8I68bkhw.IDAbbgBEkKI6NEBS9cY0
VPH,https://thecse.com/en/listings/life-sciences/valeo-pharma-inc,https://webfiles.thecse.com/Valeo_Q1_2022_results_03-23-2022_EV_FINAL.pdf?jryImHjEDNwj5.iwgjIryVFJQv0MooSu
VPH,https://thecse.com/en/listings/life-sciences/valeo-pharma-inc,https://webfiles.thecse.com/Loblaws_Hesperco_availability_and_MHI_results_01-04-2022_EV_FINAL.pdf?KDPE8rUbA31U4PMJ72naKQ9dnnmJ1wly
VPH,https://thecse.com/en/listings/life-sciences/valeo-pharma-inc,https://webfiles.thecse.com/Enerzair_Atectura_Ontario_New_Brunswick_NIHB_VAC_reimbursement_coverage_02-24-2022_EV_FINAL.pdf?foouduwfkPZdwHAHWjp77fr7b211r0Nf
VPH,https://thecse.com/en/listings/life-sciences/valeo-pharma-inc,https://webfiles.thecse.com/Redesca_Quebec_reimbursement_coverage_11-15-2021_EV_FINAL.pdf?ANkFiOnGeestzynG5uub7loNTTVPA6ce
VPH,https://www.thecse.com/en/listings/life-sciences/valeo-pharma-inc,https://webfiles.thecse.com/Q2_2021_results_media_advisory_06-21-2021_EV_FINAL.pdf?nsEE89KbSVx.toS8G3iSgYeqosevWZLS
VST,https://thecse.com/en/listings/technology/victory-square-technologies-inc,https://webfiles.thecse.com/5113252_Release_Preview.pdf?skgx7I.mSNuNDnaesbYAWAslJ8Y8fxcV
VST,https://thecse.com/en/listings/technology/victory-square-technologies-inc,https://webfiles.thecse.com/VST_NR_20211207.pdf?n.MlyGY77BM64TIAb2VYy5UK8fjzAVhl
VST,https://thecse.com/en/listings/technology/victory-square-technologies-inc,https://webfiles.thecse.com/VST_NR_20220420_SEDAR.pdf?FPCjgy.bi.NJSlS6QuqceEf3drC3sCze
VST,https://thecse.com/en/listings/technology/victory-square-technologies-inc,https://webfiles.thecse.com/VST_20210804_immersive.pdf?qh9Ldpn.5uP45WDKUv3Rs3fxdQqyOlED
VST,https://thecse.com/en/listings/technology/victory-square-technologies-inc,https://webfiles.thecse.com/VictorySquarePortfolioCompany.pdf?1CurNxX2F._ejOqiJAeQWu.rzle6_1cL
VST,https://thecse.com/en/listings/technology/victory-square-technologies-inc,https://webfiles.thecse.com/4901359_Release_Preview.pdf?lOua97HQ_fTS3we5dMZn0sbwrp.5d4NQ
VST,https://thecse.com/en/listings/technology/victory-square-technologies-inc,https://webfiles.thecse.com/VST_PR-MobileMedIV_1.pdf?uQ33.I3Fel4CmAUkwyXaSRN66VO66J3r
VST,https://thecse.com/en/listings/technology/victory-square-technologies-inc,https://webfiles.thecse.com/VST_20220721_NR.pdf?kGQaVYcyF7iuMrfdix7eazw0s0pQCOqc
VST,https://thecse.com/en/listings/technology/victory-square-technologies-inc,https://webfiles.thecse.com/VST_NR_20220228_SEDAR.pdf?P25VIm44auFaVY9Kcq1gVWxBklUu6cPz
VST,https://thecse.com/en/listings/technology/victory-square-technologies-inc,https://webfiles.thecse.com/VST_NR_20211206.pdf?vDYERB2sHkwnUXMxgoynD_hucRshUfz4
VST,https://thecse.com/en/listings/technology/victory-square-technologies-inc,https://webfiles.thecse.com/VST_PR_dripbarllc.pdf?k2aYMlvVgMDJRUE6z54K1hrnaGozxJpY
VST,https://thecse.com/en/listings/technology/victory-square-technologies-inc,https://webfiles.thecse.com/VST_2022Q1Financials_NR.pdf?liq1aKnuEFB4PoCMsv6bcCvTwYpb2pwx
VST,https://thecse.com/en/listings/technology/victory-square-technologies-inc,https://webfiles.thecse.com/20221129_VST_NR.pdf?GEXaH466r_2_FxgpDXx302CgkvcS_5Dd
VST,https://thecse.com/en/listings/technology/victory-square-technologies-inc,https://webfiles.thecse.com/5213261_Release_Preview.pdf?AtPGxQByuXj.Fw9wep55tRIQccuRU1ja
VST,https://thecse.com/en/listings/technology/victory-square-technologies-inc,https://webfiles.thecse.com/4975885_Release_Preview.pdf?2D_sobdJ8g0jbZdyzMdEPDq3ZYnr1GAk
VST,https://thecse.com/en/listings/technology/victory-square-technologies-inc,https://webfiles.thecse.com/VST_20230531_NR.pdf?NG16WSv8w3uksIoM8XCSGPoNct1gtSY6
VST,https://thecse.com/en/listings/technology/victory-square-technologies-inc,https://webfiles.thecse.com/5005634_Release_Preview.pdf?sz.8Gjd9nmEHzlUOi_.Zs6tauBUg996V
VST,https://thecse.com/en/listings/technology/victory-square-technologies-inc,https://webfiles.thecse.com/4968397_Release_Preview.pdf?4jsgbYvkbjHRLP27pZmTconNgmjfnJnH
VST,https://thecse.com/en/listings/technology/victory-square-technologies-inc,https://webfiles.thecse.com/VST_20221201_NR.pdf?iVXebpVXMlB0SxbeAIN_FYBRQety76xC
VST,https://thecse.com/en/listings/technology/victory-square-technologies-inc,https://webfiles.thecse.com/VST_NR_2022Q2.pdf?wb6mqw10el6I5ccubMeIrzkry74uMwvj
VST,https://thecse.com/en/listings/technology/victory-square-technologies-inc,https://webfiles.thecse.com/4972352_Release_Preview.pdf?UdTT3jmzc4cI6OqhAjPYKfwc9FU0jWFI
VST,https://thecse.com/en/listings/technology/victory-square-technologies-inc,https://webfiles.thecse.com/4996047_Release_Preview.pdf?TuCf.YAyK0V9OLHSobFruAtXT7Pvc9Oj
VST,https://thecse.com/en/listings/technology/victory-square-technologies-inc,https://webfiles.thecse.com/4898032_Release_Preview.pdf?gfD4oQlULBxE6nGusEr9bUyT3fzEZ7Kt
VST,https://thecse.com/en/listings/technology/victory-square-technologies-inc,https://webfiles.thecse.com/VST_NR_20220112_Renewable_Energy_Co_Stardust_Solar.pdf?CCJXuktz.ekj9Fx0Db4tmP.hKVGYfD38
VST,https://thecse.com/en/listings/technology/victory-square-technologies-inc,https://webfiles.thecse.com/VST_NR_20211213.pdf?xfE6xazXLocGmg_R8clNXVhrDAVoa436
VST,https://thecse.com/en/listings/technology/victory-square-technologies-inc,https://webfiles.thecse.com/20221115_VST_PR_CorpUpdate.pdf?7ej2Dyh3NZgwWl2s8OKOTWw19afHSdd2
VST,https://thecse.com/en/listings/technology/victory-square-technologies-inc,https://webfiles.thecse.com/VST_20220929_NR.pdf?VzQm7riaZfafFkUxJctsOoyfJihMc3XZ
VST,https://thecse.com/en/listings/technology/victory-square-technologies-inc,https://webfiles.thecse.com/VST_NR_20220120.pdf?qvbAwt2xgNcE4MyglP6BnbUdYPK1t_WY
VST,https://thecse.com/en/listings/technology/victory-square-technologies-inc,https://webfiles.thecse.com/5098151_Release_Preview.pdf?quQW3mPnTp7Ed9yAvxyWLCaqK8s9gQLU
VST,https://thecse.com/en/listings/technology/victory-square-technologies-inc,https://webfiles.thecse.com/VST_NR_20211202.pdf?O2jE2vkaXPqxIDY9wcWynC1u61vFp44G
VST,https://thecse.com/en/listings/technology/victory-square-technologies-inc,https://webfiles.thecse.com/VST_NR_20211201.pdf?j2.fHEeI06FGeMKq8Cphor7Jn9jhFsWB
VST,https://thecse.com/en/listings/technology/victory-square-technologies-inc,https://webfiles.thecse.com/VST_20220809_NR.pdf?HrO_5qmCp5.6KsoJZnhmRqoQPk1Kmp2X
VST,https://thecse.com/en/listings/technology/victory-square-technologies-inc,https://webfiles.thecse.com/4961712_Release_Preview.pdf?8hZaKnQTRcznQroMWOPR8CgP8x177xdw
VST,https://thecse.com/en/listings/technology/victory-square-technologies-inc,https://webfiles.thecse.com/VST_PR_20221024.pdf?v3754u34afI8qq7LOh2QxvpJ7uzLfG3X
VST,https://thecse.com/en/listings/technology/victory-square-technologies-inc,https://webfiles.thecse.com/VST_20220713_NR.pdf?zCG44rbgnL.TTMTnJLrMK2Lk1fkD1Oha
VST,https://thecse.com/en/listings/technology/victory-square-technologies-inc,https://webfiles.thecse.com/VST_20220429_NR_Management_Cease_Trade_Order_MCTO.pdf?CO.TgEO_mJkl.sQGdltY1fLOrLGY_Nsw
VST,https://thecse.com/en/listings/technology/victory-square-technologies-inc,https://webfiles.thecse.com/VST_NR_MCTO_UpdateMay13.pdf?n0CuZ7QpZuV3R5H8B_bnlwRWPFspGQGw
VST,https://thecse.com/en/listings/technology/victory-square-technologies-inc,https://webfiles.thecse.com/VST_whollyowned.pdf?3adJtQES6FV2bSyCOvJ4IDLrExtcycs1
VST,https://thecse.com/en/listings/technology/victory-square-technologies-inc,https://webfiles.thecse.com/VST_NR_MCTOStatusUpdateMay27.pdf?j8mMmelo4CU5fu4IjFcO5j3slEysct5C
VST,https://thecse.com/en/listings/technology/victory-square-technologies-inc,https://webfiles.thecse.com/VST_20210811_NR.pdf?VZWuMRqeV4rLuAcZu1hS7QBZxcxGoCa6
VST,https://thecse.com/en/listings/technology/victory-square-technologies-inc,https://webfiles.thecse.com/VST_20220503_NR_SEDAR.pdf?.hyRrRczhW0YcbCO3Ipc1qbTDCG1ZE.9
VST,https://thecse.com/en/listings/technology/victory-square-technologies-inc,https://webfiles.thecse.com/VST_20220504_NR_Granted_MCTO.pdf?WxtuEVgTUFRWthpsEYgq.aBaGXTYkPfZ
VST,https://thecse.com/en/listings/technology/victory-square-technologies-inc,https://webfiles.thecse.com/VST_20221130_NRCorporateUpdate.pdf?xIG4w9E6YY981rPHPgr63uxxJkzAaSCB
VST,https://thecse.com/en/listings/technology/victory-square-technologies-inc,https://webfiles.thecse.com/4963713_Release_Preview.pdf?tupVq66Q1UBVFg3.oss6FxRtvz5HEavo
VST,https://thecse.com/en/listings/technology/victory-square-technologies-inc,https://webfiles.thecse.com/4986920_Release_Preview.pdf?iN_UY1yQaSFIOqOXo1rzsDY3XrYehzMb
VST,https://thecse.com/en/listings/technology/victory-square-technologies-inc,https://webfiles.thecse.com/VST_20230524_NR.pdf?PUnSlsw8txYxO1ocigiVmnA1Y5CRcR9s
VST,https://thecse.com/en/listings/technology/victory-square-technologies-inc,https://webfiles.thecse.com/VST_2021YEFinancials_NR.pdf?CPgmZVRJicQG2F_OguBdWWuFvlZjh1U2
VST,https://thecse.com/en/listings/technology/victory-square-technologies-inc,https://webfiles.thecse.com/5130387_Release_Preview.pdf?Ir_7peo6sNhecCdZ2ZrXBsMwyfQHEjjP
VST,https://thecse.com/en/listings/technology/victory-square-technologies-inc,https://webfiles.thecse.com/5083927_Release_Preview.pdf?TRxVTbRG1Q2ewDpIxT30fZnZHWWYOQtz
VST,https://thecse.com/en/listings/technology/victory-square-technologies-inc,https://webfiles.thecse.com/VST_NR_20211203.pdf?gwQQF8fJ1j8jONWsnZr0pbBm4u5ZaaP2
VST,https://thecse.com/en/listings/technology/victory-square-technologies-inc,https://webfiles.thecse.com/VST_Reports_2023_Q2_Financial_Results_NR.pdf?AqzgREHM39.eM4vSdnKdS2CRrwszZH_t
